Dataset,FS,Imbalance,Classifier,Precision,Recall,F1,AUC,MCC,AUC_PR
CM1,,,LR,0.2333,0.095,0.1305,0.7509,0.0888,0.4164
CM1,,,SVM,0.0,0.0,0.0,0.7243,-0.0075,0.353
CM1,,,RF,0.0,0.0,0.0,0.7064,-0.0504,0.2788
CM1,,,XGB,0.2417,0.155,0.1808,0.7787,0.1291,0.4082
CM1,,SMOTE,LR,0.2734,0.595,0.3693,0.7351,0.2711,0.3805
CM1,,SMOTE,SVM,0.2517,0.465,0.3189,0.7465,0.206,0.3999
CM1,,SMOTE,RF,0.3152,0.21,0.2254,0.7418,0.166,0.3431
CM1,,SMOTE,XGB,0.3177,0.325,0.3102,0.7538,0.2284,0.4154
CM1,,ADASYN,LR,0.2543,0.595,0.3501,0.7376,0.2477,0.4122
CM1,,ADASYN,SVM,0.2561,0.54,0.3412,0.7297,0.2355,0.4117
CM1,,ADASYN,RF,0.2333,0.23,0.2236,0.7491,0.1425,0.3259
CM1,,ADASYN,XGB,0.3365,0.355,0.3298,0.7646,0.2386,0.4487
CM1,,CostSensitive,LR,0.2602,0.62,0.3592,0.7296,0.2639,0.3929
CM1,,CostSensitive,SVM,0.2406,0.595,0.3375,0.7326,0.2345,0.3552
CM1,,CostSensitive,RF,0.2152,0.205,0.2024,0.7213,0.1205,0.2953
CM1,,CostSensitive,XGB,0.3533,0.23,0.2544,0.7675,0.1996,0.3838
CM1,IG,,LR,0.3333,0.095,0.1419,0.7459,0.1366,0.3991
CM1,IG,,SVM,0.0,0.0,0.0,0.6825,0.0,0.3251
CM1,IG,,RF,0.0,0.0,0.0,0.7041,-0.0587,0.3008
CM1,IG,,XGB,0.2033,0.12,0.1486,0.7331,0.0902,0.3494
CM1,IG,SMOTE,LR,0.2898,0.635,0.3843,0.7967,0.2905,0.4865
CM1,IG,SMOTE,SVM,0.2445,0.585,0.3414,0.7309,0.2419,0.3862
CM1,IG,SMOTE,RF,0.2635,0.28,0.262,0.7183,0.1684,0.3379
CM1,IG,SMOTE,XGB,0.4292,0.405,0.4007,0.761,0.3265,0.4359
CM1,IG,ADASYN,LR,0.2878,0.64,0.3923,0.7892,0.3015,0.4579
CM1,IG,ADASYN,SVM,0.2235,0.585,0.3199,0.7548,0.2115,0.4197
CM1,IG,ADASYN,RF,0.1667,0.2,0.1764,0.7154,0.0708,0.302
CM1,IG,ADASYN,XGB,0.3667,0.305,0.3174,0.713,0.2556,0.4125
CM1,IG,CostSensitive,LR,0.2964,0.715,0.4128,0.7783,0.3328,0.4341
CM1,IG,CostSensitive,SVM,0.2492,0.54,0.336,0.7294,0.2269,0.3824
CM1,IG,CostSensitive,RF,0.1821,0.16,0.1598,0.7155,0.0656,0.3028
CM1,IG,CostSensitive,XGB,0.3083,0.205,0.2203,0.7158,0.1604,0.3605
CM1,CFS,,LR,0.1333,0.075,0.0952,0.7932,0.0474,0.4322
CM1,CFS,,SVM,0.0,0.0,0.0,0.644,0.0,0.2936
CM1,CFS,,RF,0.1,0.025,0.04,0.7051,0.0124,0.2972
CM1,CFS,,XGB,0.2417,0.12,0.1527,0.7325,0.0983,0.3554
CM1,CFS,SMOTE,LR,0.3035,0.69,0.413,0.8057,0.3321,0.4508
CM1,CFS,SMOTE,SVM,0.2344,0.595,0.3315,0.7565,0.2242,0.398
CM1,CFS,SMOTE,RF,0.1493,0.185,0.162,0.6985,0.0453,0.259
CM1,CFS,SMOTE,XGB,0.2367,0.26,0.236,0.7084,0.141,0.3383
CM1,CFS,ADASYN,LR,0.3157,0.745,0.4364,0.8102,0.3648,0.4433
CM1,CFS,ADASYN,SVM,0.2269,0.57,0.3172,0.7474,0.2093,0.3778
CM1,CFS,ADASYN,RF,0.1429,0.165,0.1436,0.7088,0.0333,0.284
CM1,CFS,ADASYN,XGB,0.2115,0.19,0.1908,0.6902,0.0874,0.3247
CM1,CFS,CostSensitive,LR,0.3175,0.76,0.4396,0.8117,0.3729,0.4581
CM1,CFS,CostSensitive,SVM,0.2503,0.64,0.3565,0.7431,0.2583,0.3442
CM1,CFS,CostSensitive,RF,0.126,0.115,0.1147,0.6947,0.0083,0.2541
CM1,CFS,CostSensitive,XGB,0.1702,0.165,0.1655,0.7067,0.0833,0.351
JM1,,,LR,0.5898,0.1041,0.1766,0.6737,0.1802,0.4031
JM1,,,SVM,0.6079,0.0903,0.1572,0.6058,0.1739,0.3661
JM1,,,RF,0.5351,0.1896,0.2794,0.6927,0.2236,0.4154
JM1,,,XGB,0.4693,0.2147,0.2942,0.6651,0.2045,0.3886
JM1,,SMOTE,LR,0.3558,0.5149,0.4205,0.6734,0.2299,0.4036
JM1,,SMOTE,SVM,0.3768,0.4934,0.427,0.687,0.2467,0.3749
JM1,,SMOTE,RF,0.4762,0.3493,0.4024,0.7016,0.2747,0.4219
JM1,,SMOTE,XGB,0.4614,0.2745,0.3437,0.6775,0.2298,0.3904
JM1,,ADASYN,LR,0.3434,0.5562,0.4245,0.6715,0.2285,0.4027
JM1,,ADASYN,SVM,0.3556,0.5514,0.432,0.6824,0.242,0.3661
JM1,,ADASYN,RF,0.4688,0.3343,0.39,0.7036,0.2628,0.4186
JM1,,ADASYN,XGB,0.4738,0.2769,0.3489,0.6804,0.2388,0.4009
JM1,,CostSensitive,LR,0.3644,0.5131,0.4259,0.6752,0.2395,0.4019
JM1,,CostSensitive,SVM,0.3723,0.4976,0.4255,0.6886,0.243,0.3767
JM1,,CostSensitive,RF,0.4292,0.3714,0.3979,0.6916,0.2492,0.4103
JM1,,CostSensitive,XGB,0.364,0.4031,0.3822,0.6552,0.2028,0.38
JM1,IG,,LR,0.5592,0.0915,0.157,0.671,0.1599,0.3927
JM1,IG,,SVM,0.624,0.0706,0.1264,0.6176,0.1561,0.3723
JM1,IG,,RF,0.5109,0.1944,0.2811,0.6749,0.2149,0.3986
JM1,IG,,XGB,0.481,0.2213,0.3027,0.6568,0.2142,0.3805
JM1,IG,SMOTE,LR,0.3617,0.5036,0.4208,0.6705,0.2333,0.393
JM1,IG,SMOTE,SVM,0.3715,0.485,0.4203,0.686,0.2379,0.3737
JM1,IG,SMOTE,RF,0.4318,0.3624,0.3938,0.6858,0.2476,0.4015
JM1,IG,SMOTE,XGB,0.4184,0.3164,0.3592,0.6661,0.2171,0.3794
JM1,IG,ADASYN,LR,0.3479,0.5526,0.4265,0.6681,0.233,0.3929
JM1,IG,ADASYN,SVM,0.3479,0.555,0.4275,0.683,0.234,0.3681
JM1,IG,ADASYN,RF,0.4281,0.3708,0.397,0.6829,0.2482,0.392
JM1,IG,ADASYN,XGB,0.4164,0.3062,0.3515,0.669,0.2113,0.3851
JM1,IG,CostSensitive,LR,0.3626,0.4952,0.4183,0.671,0.2313,0.3916
JM1,IG,CostSensitive,SVM,0.3672,0.4904,0.4196,0.6855,0.235,0.3757
JM1,IG,CostSensitive,RF,0.4218,0.3852,0.4023,0.6761,0.2487,0.3975
JM1,IG,CostSensitive,XGB,0.3613,0.4199,0.388,0.6472,0.2053,0.3703
JM1,CFS,,LR,0.5668,0.0933,0.1599,0.6693,0.1637,0.3923
JM1,CFS,,SVM,0.5952,0.0807,0.1418,0.6123,0.1603,0.363
JM1,CFS,,RF,0.518,0.189,0.2766,0.6821,0.2148,0.4005
JM1,CFS,,XGB,0.4798,0.2016,0.2835,0.6697,0.2028,0.3801
JM1,CFS,SMOTE,LR,0.3635,0.5083,0.4238,0.6713,0.2372,0.395
JM1,CFS,SMOTE,SVM,0.3761,0.4689,0.417,0.6846,0.2373,0.3753
JM1,CFS,SMOTE,RF,0.4276,0.3559,0.3881,0.6891,0.2415,0.4013
JM1,CFS,SMOTE,XGB,0.42,0.3212,0.3634,0.6774,0.2213,0.386
JM1,CFS,ADASYN,LR,0.3442,0.5574,0.4254,0.6693,0.2301,0.3937
JM1,CFS,ADASYN,SVM,0.3494,0.5562,0.429,0.6785,0.2362,0.3635
JM1,CFS,ADASYN,RF,0.4235,0.3672,0.3927,0.6848,0.2425,0.3985
JM1,CFS,ADASYN,XGB,0.4132,0.3116,0.3545,0.6705,0.2115,0.3771
JM1,CFS,CostSensitive,LR,0.3615,0.5024,0.4203,0.6723,0.2329,0.3949
JM1,CFS,CostSensitive,SVM,0.3659,0.4868,0.4175,0.6839,0.2327,0.3706
JM1,CFS,CostSensitive,RF,0.4228,0.3774,0.3985,0.6896,0.2464,0.4022
JM1,CFS,CostSensitive,XGB,0.3677,0.436,0.3987,0.6604,0.2174,0.3699
KC1,,,LR,0.6372,0.2036,0.3068,0.6872,0.2539,0.5099
KC1,,,SVM,0.6274,0.1561,0.2494,0.6582,0.2177,0.4829
KC1,,,RF,0.5776,0.3156,0.4058,0.7058,0.2902,0.5142
KC1,,,XGB,0.5189,0.3662,0.4268,0.6793,0.2743,0.4947
KC1,,SMOTE,LR,0.4311,0.5704,0.4889,0.6836,0.2712,0.5079
KC1,,SMOTE,SVM,0.4672,0.5062,0.4823,0.6736,0.2814,0.4651
KC1,,SMOTE,RF,0.4939,0.4234,0.4532,0.6966,0.2778,0.5016
KC1,,SMOTE,XGB,0.5078,0.4237,0.4598,0.6818,0.2903,0.5032
KC1,,ADASYN,LR,0.3929,0.6374,0.4848,0.6786,0.2493,0.5048
KC1,,ADASYN,SVM,0.3857,0.6149,0.4729,0.6714,0.228,0.4454
KC1,,ADASYN,RF,0.4971,0.4334,0.4614,0.7017,0.286,0.4996
KC1,,ADASYN,XGB,0.4982,0.4175,0.4525,0.6854,0.2811,0.4959
KC1,,CostSensitive,LR,0.4226,0.5544,0.4787,0.6878,0.257,0.5086
KC1,,CostSensitive,SVM,0.4469,0.5125,0.4756,0.6796,0.2659,0.4685
KC1,,CostSensitive,RF,0.4804,0.4591,0.4671,0.6961,0.2806,0.4843
KC1,,CostSensitive,XGB,0.4814,0.4267,0.4511,0.676,0.2685,0.4989
KC1,IG,,LR,0.6063,0.1843,0.28,0.6758,0.2281,0.4742
KC1,IG,,SVM,0.639,0.166,0.2624,0.6636,0.2301,0.4879
KC1,IG,,RF,0.531,0.2772,0.3615,0.6888,0.238,0.4805
KC1,IG,,XGB,0.4789,0.2994,0.3649,0.6438,0.2131,0.4431
KC1,IG,SMOTE,LR,0.4038,0.5545,0.4656,0.6705,0.2354,0.476
KC1,IG,SMOTE,SVM,0.4294,0.532,0.4723,0.6698,0.2548,0.4634
KC1,IG,SMOTE,RF,0.4328,0.3984,0.4123,0.6596,0.2124,0.4587
KC1,IG,SMOTE,XGB,0.4692,0.4111,0.4371,0.6568,0.2532,0.4564
KC1,IG,ADASYN,LR,0.3702,0.6375,0.4677,0.6716,0.2167,0.4891
KC1,IG,ADASYN,SVM,0.3693,0.644,0.4682,0.6751,0.2187,0.4539
KC1,IG,ADASYN,RF,0.4338,0.4175,0.4232,0.6758,0.2196,0.4643
KC1,IG,ADASYN,XGB,0.462,0.4078,0.431,0.6682,0.2431,0.4954
KC1,IG,CostSensitive,LR,0.4066,0.5768,0.4766,0.6747,0.248,0.478
KC1,IG,CostSensitive,SVM,0.408,0.5415,0.464,0.6729,0.2333,0.4638
KC1,IG,CostSensitive,RF,0.4334,0.465,0.4473,0.6845,0.2377,0.4537
KC1,IG,CostSensitive,XGB,0.4261,0.3884,0.4053,0.6451,0.2051,0.4655
KC1,CFS,,LR,0.5922,0.1752,0.2687,0.6785,0.2141,0.472
KC1,CFS,,SVM,0.6375,0.1564,0.2503,0.6374,0.223,0.4742
KC1,CFS,,RF,0.5444,0.3191,0.3995,0.6816,0.2696,0.4835
KC1,CFS,,XGB,0.5147,0.3762,0.4321,0.6589,0.2754,0.4857
KC1,CFS,SMOTE,LR,0.4123,0.5638,0.475,0.6761,0.2485,0.4697
KC1,CFS,SMOTE,SVM,0.4227,0.5132,0.4599,0.6697,0.2405,0.4661
KC1,CFS,SMOTE,RF,0.4411,0.3954,0.4142,0.6731,0.2185,0.4759
KC1,CFS,SMOTE,XGB,0.4338,0.4016,0.4143,0.6643,0.2181,0.4644
KC1,CFS,ADASYN,LR,0.3768,0.6378,0.473,0.676,0.2274,0.469
KC1,CFS,ADASYN,SVM,0.3854,0.6214,0.4753,0.6744,0.2344,0.4515
KC1,CFS,ADASYN,RF,0.4708,0.4403,0.4518,0.6814,0.2645,0.4767
KC1,CFS,ADASYN,XGB,0.4536,0.3918,0.4187,0.6718,0.2326,0.4717
KC1,CFS,CostSensitive,LR,0.4154,0.564,0.478,0.6809,0.2536,0.4765
KC1,CFS,CostSensitive,SVM,0.4159,0.529,0.4647,0.6752,0.2413,0.4689
KC1,CFS,CostSensitive,RF,0.4228,0.4308,0.4224,0.6744,0.2146,0.4733
KC1,CFS,CostSensitive,XGB,0.4575,0.414,0.4296,0.6674,0.2359,0.4821
KC3,,,LR,0.34,0.2,0.2205,0.6923,0.1612,0.4795
KC3,,,SVM,0.0,0.0,0.0,0.7333,-0.0122,0.5293
KC3,,,RF,0.3667,0.1833,0.23,0.7366,0.1766,0.4841
KC3,,,XGB,0.515,0.275,0.325,0.6918,0.2736,0.496
KC3,,SMOTE,LR,0.4207,0.475,0.426,0.6556,0.2942,0.4655
KC3,,SMOTE,SVM,0.3244,0.3833,0.3087,0.6804,0.1617,0.4688
KC3,,SMOTE,RF,0.5067,0.3417,0.3918,0.7521,0.2998,0.5669
KC3,,SMOTE,XGB,0.3083,0.3583,0.3233,0.7636,0.2083,0.5769
KC3,,ADASYN,LR,0.3754,0.475,0.4024,0.6877,0.2702,0.5137
KC3,,ADASYN,SVM,0.3604,0.4583,0.3588,0.709,0.2255,0.476
KC3,,ADASYN,RF,0.4875,0.4583,0.4452,0.7578,0.3485,0.5988
KC3,,ADASYN,XGB,0.4283,0.3333,0.3313,0.737,0.2298,0.5095
KC3,,CostSensitive,LR,0.4124,0.5083,0.4391,0.6765,0.3107,0.4725
KC3,,CostSensitive,SVM,0.3275,0.5333,0.3974,0.7245,0.244,0.4821
KC3,,CostSensitive,RF,0.4533,0.375,0.3888,0.7321,0.277,0.5359
KC3,,CostSensitive,XGB,0.3433,0.3083,0.3117,0.7179,0.2076,0.5366
KC3,IG,,LR,0.2833,0.175,0.2038,0.7082,0.1576,0.5448
KC3,IG,,SVM,0.2,0.0667,0.1,0.7241,0.0967,0.5752
KC3,IG,,RF,0.2667,0.175,0.2067,0.7259,0.1276,0.5041
KC3,IG,,XGB,0.325,0.25,0.2802,0.6728,0.1897,0.5054
KC3,IG,SMOTE,LR,0.3683,0.5,0.4186,0.6456,0.2695,0.4916
KC3,IG,SMOTE,SVM,0.3279,0.4333,0.3571,0.6519,0.201,0.4891
KC3,IG,SMOTE,RF,0.4,0.4333,0.4062,0.7567,0.275,0.5146
KC3,IG,SMOTE,XGB,0.33,0.35,0.3302,0.719,0.2122,0.4948
KC3,IG,ADASYN,LR,0.3942,0.5583,0.4501,0.6876,0.3312,0.4864
KC3,IG,ADASYN,SVM,0.3906,0.4583,0.3868,0.6382,0.2327,0.4926
KC3,IG,ADASYN,RF,0.4833,0.4333,0.4433,0.747,0.3373,0.551
KC3,IG,ADASYN,XGB,0.475,0.4083,0.4138,0.7429,0.3242,0.5387
KC3,IG,CostSensitive,LR,0.3311,0.4417,0.3663,0.5903,0.2058,0.4137
KC3,IG,CostSensitive,SVM,0.3185,0.5333,0.3896,0.6896,0.2252,0.4747
KC3,IG,CostSensitive,RF,0.385,0.3167,0.3221,0.7329,0.1895,0.5314
KC3,IG,CostSensitive,XGB,0.4117,0.3,0.3272,0.7132,0.2121,0.4986
KC3,CFS,,LR,0.4167,0.2,0.2567,0.6899,0.2229,0.5184
KC3,CFS,,SVM,0.3,0.0917,0.14,0.7222,0.1304,0.5989
KC3,CFS,,RF,0.275,0.2167,0.2371,0.7336,0.1342,0.4963
KC3,CFS,,XGB,0.3917,0.2583,0.3007,0.7181,0.1957,0.5134
KC3,CFS,SMOTE,LR,0.3962,0.475,0.3953,0.6568,0.2586,0.5105
KC3,CFS,SMOTE,SVM,0.4033,0.4583,0.3972,0.7109,0.2707,0.529
KC3,CFS,SMOTE,RF,0.3633,0.3667,0.3574,0.6984,0.2143,0.4689
KC3,CFS,SMOTE,XGB,0.3783,0.4667,0.4138,0.6896,0.2645,0.4911
KC3,CFS,ADASYN,LR,0.4079,0.5417,0.4467,0.6772,0.301,0.5012
KC3,CFS,ADASYN,SVM,0.3283,0.4833,0.3811,0.6953,0.2326,0.516
KC3,CFS,ADASYN,RF,0.3562,0.3917,0.3656,0.6941,0.2188,0.4774
KC3,CFS,ADASYN,XGB,0.3783,0.4417,0.3989,0.6725,0.2484,0.4975
KC3,CFS,CostSensitive,LR,0.4133,0.475,0.4068,0.6859,0.2792,0.5121
KC3,CFS,CostSensitive,SVM,0.4367,0.5333,0.4472,0.7366,0.3291,0.5686
KC3,CFS,CostSensitive,RF,0.3717,0.425,0.3919,0.7051,0.2426,0.4635
KC3,CFS,CostSensitive,XGB,0.5233,0.5167,0.5089,0.7467,0.4038,0.5826
MC1,,,LR,0.0833,0.04,0.0536,0.7853,0.0515,0.1796
MC1,,,SVM,0.0,0.0,0.0,0.6882,0.0,0.2004
MC1,,,RF,0.4667,0.17,0.2405,0.9021,0.2687,0.516
MC1,,,XGB,0.5667,0.235,0.3179,0.8731,0.3474,0.4746
MC1,,SMOTE,LR,0.0814,0.655,0.144,0.7609,0.1841,0.2089
MC1,,SMOTE,SVM,0.1102,0.6,0.1852,0.7634,0.2185,0.1474
MC1,,SMOTE,RF,0.3933,0.295,0.3338,0.9027,0.3282,0.3616
MC1,,SMOTE,XGB,0.3033,0.29,0.2953,0.8671,0.2838,0.3818
MC1,,ADASYN,LR,0.0804,0.675,0.143,0.7637,0.1861,0.2225
MC1,,ADASYN,SVM,0.1048,0.62,0.1782,0.7651,0.2147,0.1472
MC1,,ADASYN,RF,0.4217,0.34,0.3703,0.9163,0.3642,0.378
MC1,,ADASYN,XGB,0.3179,0.27,0.2877,0.8662,0.2794,0.3752
MC1,,CostSensitive,LR,0.0771,0.645,0.1373,0.7736,0.1752,0.2031
MC1,,CostSensitive,SVM,0.1017,0.595,0.1729,0.7716,0.2051,0.1524
MC1,,CostSensitive,RF,0.435,0.36,0.3843,0.8997,0.3814,0.4862
MC1,,CostSensitive,XGB,0.3821,0.345,0.3508,0.864,0.346,0.4527
MC1,IG,,LR,0.0,0.0,0.0,0.7819,-0.0016,0.1723
MC1,IG,,SVM,0.0,0.0,0.0,0.682,0.0,0.2798
MC1,IG,,RF,0.61,0.285,0.3505,0.9157,0.3864,0.5548
MC1,IG,,XGB,0.6,0.27,0.3623,0.8633,0.3892,0.4908
MC1,IG,SMOTE,LR,0.0545,0.52,0.0982,0.7462,0.1117,0.1591
MC1,IG,SMOTE,SVM,0.0797,0.61,0.1401,0.779,0.1722,0.1291
MC1,IG,SMOTE,RF,0.4662,0.39,0.4076,0.9,0.4053,0.4555
MC1,IG,SMOTE,XGB,0.3875,0.375,0.3753,0.8792,0.3647,0.4082
MC1,IG,ADASYN,LR,0.0633,0.575,0.1134,0.7701,0.1359,0.1715
MC1,IG,ADASYN,SVM,0.0837,0.65,0.1474,0.7829,0.1862,0.1484
MC1,IG,ADASYN,RF,0.3779,0.36,0.3651,0.9011,0.3535,0.4292
MC1,IG,ADASYN,XGB,0.4947,0.44,0.4418,0.8711,0.4431,0.4632
MC1,IG,CostSensitive,LR,0.0648,0.6,0.1166,0.8045,0.1449,0.1748
MC1,IG,CostSensitive,SVM,0.0914,0.66,0.1598,0.815,0.2015,0.1469
MC1,IG,CostSensitive,RF,0.5833,0.435,0.4807,0.8795,0.485,0.5423
MC1,IG,CostSensitive,XGB,0.5567,0.4,0.4352,0.8742,0.4458,0.4842
MC1,CFS,,LR,0.1,0.02,0.0333,0.7886,0.0426,0.1557
MC1,CFS,,SVM,0.0,0.0,0.0,0.7076,0.0,0.2633
MC1,CFS,,RF,0.41,0.195,0.241,0.905,0.2608,0.5384
MC1,CFS,,XGB,0.5933,0.295,0.3771,0.8388,0.3989,0.4796
MC1,CFS,SMOTE,LR,0.0561,0.575,0.1019,0.7563,0.1228,0.1666
MC1,CFS,SMOTE,SVM,0.0908,0.715,0.1604,0.7854,0.211,0.1291
MC1,CFS,SMOTE,RF,0.425,0.4,0.4082,0.9038,0.3988,0.4364
MC1,CFS,SMOTE,XGB,0.3833,0.35,0.3524,0.8369,0.3473,0.4274
MC1,CFS,ADASYN,LR,0.0575,0.6,0.1046,0.7624,0.129,0.1534
MC1,CFS,ADASYN,SVM,0.0835,0.715,0.149,0.7815,0.1981,0.123
MC1,CFS,ADASYN,RF,0.39,0.38,0.383,0.9115,0.3718,0.4343
MC1,CFS,ADASYN,XGB,0.3567,0.33,0.3337,0.8524,0.3266,0.4149
MC1,CFS,CostSensitive,LR,0.0586,0.6,0.1065,0.7697,0.132,0.1687
MC1,CFS,CostSensitive,SVM,0.0885,0.635,0.1546,0.8073,0.1921,0.148
MC1,CFS,CostSensitive,RF,0.5233,0.405,0.4463,0.8825,0.4456,0.5179
MC1,CFS,CostSensitive,XGB,0.5375,0.505,0.5091,0.8752,0.506,0.4648
MC2,,,LR,0.5683,0.46,0.4929,0.7452,0.2716,0.7017
MC2,,,SVM,0.65,0.305,0.399,0.7652,0.2995,0.7016
MC2,,,RF,0.7,0.41,0.5087,0.7119,0.3587,0.6639
MC2,,,XGB,0.675,0.39,0.4777,0.6912,0.3215,0.6791
MC2,,SMOTE,LR,0.56,0.625,0.5791,0.749,0.3368,0.7028
MC2,,SMOTE,SVM,0.5817,0.645,0.6002,0.7646,0.3713,0.6722
MC2,,SMOTE,RF,0.6383,0.455,0.5205,0.734,0.3215,0.7024
MC2,,SMOTE,XGB,0.77,0.545,0.6181,0.7356,0.4777,0.7399
MC2,,ADASYN,LR,0.5502,0.67,0.5901,0.7521,0.3425,0.7025
MC2,,ADASYN,SVM,0.5738,0.735,0.6267,0.7602,0.409,0.6799
MC2,,ADASYN,RF,0.6733,0.51,0.561,0.7421,0.3758,0.7019
MC2,,ADASYN,XGB,0.665,0.575,0.6021,0.7315,0.4133,0.7313
MC2,,CostSensitive,LR,0.546,0.645,0.5785,0.7458,0.3191,0.707
MC2,,CostSensitive,SVM,0.6117,0.645,0.6178,0.7481,0.4098,0.6634
MC2,,CostSensitive,RF,0.57,0.495,0.5231,0.6891,0.299,0.6474
MC2,,CostSensitive,XGB,0.6662,0.525,0.566,0.6953,0.3772,0.6835
MC2,IG,,LR,0.6,0.35,0.41,0.6911,0.2358,0.6602
MC2,IG,,SVM,0.5667,0.275,0.3626,0.6926,0.2301,0.6634
MC2,IG,,RF,0.6083,0.34,0.4225,0.6099,0.2327,0.6154
MC2,IG,,XGB,0.6917,0.42,0.4947,0.6695,0.3407,0.6775
MC2,IG,SMOTE,LR,0.5488,0.53,0.5149,0.6966,0.2735,0.6561
MC2,IG,SMOTE,SVM,0.5883,0.59,0.5768,0.7157,0.3515,0.6613
MC2,IG,SMOTE,RF,0.5262,0.41,0.4441,0.7059,0.2004,0.6631
MC2,IG,SMOTE,XGB,0.565,0.435,0.4736,0.6678,0.2424,0.6564
MC2,IG,ADASYN,LR,0.5614,0.575,0.5279,0.6937,0.2846,0.6587
MC2,IG,ADASYN,SVM,0.5412,0.595,0.5501,0.671,0.3015,0.62
MC2,IG,ADASYN,RF,0.5183,0.455,0.4758,0.6848,0.2297,0.6431
MC2,IG,ADASYN,XGB,0.6033,0.455,0.5076,0.6728,0.2907,0.6765
MC2,IG,CostSensitive,LR,0.53,0.555,0.5183,0.6808,0.2704,0.6415
MC2,IG,CostSensitive,SVM,0.61,0.635,0.6128,0.7026,0.4025,0.6306
MC2,IG,CostSensitive,RF,0.5583,0.475,0.51,0.6417,0.2792,0.6387
MC2,IG,CostSensitive,XGB,0.5419,0.465,0.4798,0.6694,0.2554,0.6612
MC2,CFS,,LR,0.8,0.35,0.461,0.7529,0.3832,0.7084
MC2,CFS,,SVM,0.7667,0.325,0.4371,0.7016,0.3518,0.6583
MC2,CFS,,RF,0.65,0.405,0.4956,0.6615,0.3282,0.634
MC2,CFS,,XGB,0.4817,0.435,0.4479,0.5769,0.1913,0.5515
MC2,CFS,SMOTE,LR,0.5776,0.58,0.542,0.7847,0.3438,0.7319
MC2,CFS,SMOTE,SVM,0.5567,0.42,0.4421,0.6985,0.2427,0.6343
MC2,CFS,SMOTE,RF,0.54,0.43,0.4726,0.6336,0.2476,0.6114
MC2,CFS,SMOTE,XGB,0.5417,0.525,0.521,0.6187,0.2836,0.609
MC2,CFS,ADASYN,LR,0.581,0.625,0.5661,0.7667,0.362,0.7061
MC2,CFS,ADASYN,SVM,0.5705,0.57,0.5541,0.6898,0.3406,0.6415
MC2,CFS,ADASYN,RF,0.4833,0.435,0.4452,0.6286,0.1643,0.6379
MC2,CFS,ADASYN,XGB,0.509,0.495,0.4882,0.5994,0.2208,0.5391
MC2,CFS,CostSensitive,LR,0.5738,0.6,0.5501,0.7501,0.3419,0.707
MC2,CFS,CostSensitive,SVM,0.5567,0.51,0.5083,0.6792,0.2914,0.6184
MC2,CFS,CostSensitive,RF,0.61,0.48,0.5234,0.6324,0.3306,0.6237
MC2,CFS,CostSensitive,XGB,0.4733,0.455,0.4571,0.5887,0.1848,0.5559
MW1,,,LR,0.4167,0.2667,0.3133,0.7219,0.288,0.515
MW1,,,SVM,0.0,0.0,0.0,0.6862,-0.0162,0.448
MW1,,,RF,0.35,0.2167,0.26,0.6962,0.2412,0.4377
MW1,,,XGB,0.4833,0.2667,0.3367,0.6916,0.3191,0.4356
MW1,,SMOTE,LR,0.2094,0.5333,0.2962,0.7055,0.2007,0.4629
MW1,,SMOTE,SVM,0.3043,0.3667,0.3205,0.6922,0.2263,0.4359
MW1,,SMOTE,RF,0.3833,0.3833,0.38,0.6846,0.3315,0.4254
MW1,,SMOTE,XGB,0.3583,0.3333,0.3419,0.7152,0.2817,0.4705
MW1,,ADASYN,LR,0.1755,0.5,0.2551,0.6741,0.1486,0.3958
MW1,,ADASYN,SVM,0.1841,0.4,0.2459,0.6517,0.1319,0.4242
MW1,,ADASYN,RF,0.4367,0.3833,0.4017,0.7057,0.3475,0.4531
MW1,,ADASYN,XGB,0.3033,0.3167,0.3055,0.7362,0.2405,0.478
MW1,,CostSensitive,LR,0.2197,0.5333,0.3052,0.7055,0.2068,0.4706
MW1,,CostSensitive,SVM,0.2493,0.35,0.2847,0.7068,0.191,0.4599
MW1,,CostSensitive,RF,0.3617,0.3833,0.3669,0.7201,0.3043,0.471
MW1,,CostSensitive,XGB,0.3583,0.3333,0.3357,0.6348,0.2714,0.4272
MW1,IG,,LR,0.4,0.2,0.2633,0.72,0.254,0.5017
MW1,IG,,SVM,0.15,0.0833,0.1067,0.6657,0.0977,0.4488
MW1,IG,,RF,0.35,0.15,0.2067,0.722,0.1959,0.4531
MW1,IG,,XGB,0.3,0.2167,0.25,0.7418,0.2079,0.4501
MW1,IG,SMOTE,LR,0.2116,0.5,0.2906,0.6937,0.1871,0.4159
MW1,IG,SMOTE,SVM,0.26,0.3833,0.3055,0.6516,0.2219,0.446
MW1,IG,SMOTE,RF,0.45,0.3167,0.3567,0.7192,0.3054,0.4396
MW1,IG,SMOTE,XGB,0.49,0.3833,0.4067,0.6861,0.3586,0.4356
MW1,IG,ADASYN,LR,0.1958,0.45,0.2575,0.6697,0.1329,0.3706
MW1,IG,ADASYN,SVM,0.2369,0.4167,0.294,0.6667,0.1891,0.3851
MW1,IG,ADASYN,RF,0.5333,0.4167,0.4324,0.6931,0.3913,0.4571
MW1,IG,ADASYN,XGB,0.4267,0.4,0.3952,0.6875,0.3385,0.4908
MW1,IG,CostSensitive,LR,0.225,0.5,0.3068,0.7092,0.2058,0.4505
MW1,IG,CostSensitive,SVM,0.3083,0.4167,0.3467,0.7042,0.2625,0.4732
MW1,IG,CostSensitive,RF,0.3167,0.35,0.3257,0.7254,0.2627,0.4307
MW1,IG,CostSensitive,XGB,0.3917,0.3667,0.3752,0.704,0.3272,0.4397
MW1,CFS,,LR,0.3,0.1667,0.2133,0.7266,0.1939,0.4914
MW1,CFS,,SVM,0.1667,0.1167,0.1333,0.6897,0.1151,0.4948
MW1,CFS,,RF,0.3,0.1833,0.22,0.723,0.1958,0.4652
MW1,CFS,,XGB,0.375,0.2667,0.3052,0.7119,0.271,0.4478
MW1,CFS,SMOTE,LR,0.2051,0.4667,0.2809,0.736,0.1714,0.4461
MW1,CFS,SMOTE,SVM,0.2619,0.3833,0.3086,0.7099,0.2314,0.5034
MW1,CFS,SMOTE,RF,0.3167,0.3167,0.3138,0.6849,0.2506,0.4484
MW1,CFS,SMOTE,XGB,0.55,0.4333,0.4667,0.723,0.4353,0.5161
MW1,CFS,ADASYN,LR,0.1763,0.4,0.2391,0.7054,0.1114,0.4192
MW1,CFS,ADASYN,SVM,0.3264,0.4667,0.3324,0.7008,0.2485,0.4528
MW1,CFS,ADASYN,RF,0.275,0.2833,0.2733,0.6993,0.2078,0.4086
MW1,CFS,ADASYN,XGB,0.4583,0.3333,0.3667,0.7182,0.3224,0.5227
MW1,CFS,CostSensitive,LR,0.2231,0.5,0.3049,0.7204,0.2029,0.4213
MW1,CFS,CostSensitive,SVM,0.2917,0.45,0.3507,0.7196,0.2648,0.4641
MW1,CFS,CostSensitive,RF,0.3617,0.3833,0.3621,0.7454,0.3028,0.4708
MW1,CFS,CostSensitive,XGB,0.4,0.3333,0.3422,0.6632,0.2868,0.4439
PC1,,,LR,0.475,0.131,0.1938,0.8601,0.2073,0.4545
PC1,,,SVM,0.4,0.0833,0.1357,0.8115,0.1664,0.4273
PC1,,,RF,0.4333,0.2167,0.2789,0.8821,0.2689,0.5027
PC1,,,XGB,0.4667,0.281,0.3469,0.8656,0.3251,0.4427
PC1,,SMOTE,LR,0.2859,0.7071,0.4036,0.8549,0.3679,0.4582
PC1,,SMOTE,SVM,0.2621,0.7095,0.3815,0.8423,0.3487,0.3927
PC1,,SMOTE,RF,0.4975,0.431,0.4302,0.8787,0.3965,0.5049
PC1,,SMOTE,XGB,0.5216,0.4643,0.4778,0.8872,0.4382,0.4993
PC1,,ADASYN,LR,0.2813,0.7571,0.407,0.8508,0.3818,0.4335
PC1,,ADASYN,SVM,0.249,0.7405,0.3705,0.8434,0.3433,0.3538
PC1,,ADASYN,RF,0.5207,0.3976,0.4194,0.8707,0.3898,0.4667
PC1,,ADASYN,XGB,0.5149,0.481,0.4747,0.89,0.4374,0.5015
PC1,,CostSensitive,LR,0.254,0.7238,0.3734,0.8645,0.339,0.4534
PC1,,CostSensitive,SVM,0.2538,0.7738,0.3803,0.8468,0.3577,0.3697
PC1,,CostSensitive,RF,0.5701,0.3976,0.4362,0.8796,0.4145,0.5099
PC1,,CostSensitive,XGB,0.4605,0.331,0.3745,0.8673,0.3359,0.4427
PC1,IG,,LR,0.3417,0.1,0.1466,0.8449,0.1589,0.3991
PC1,IG,,SVM,0.5,0.1,0.1643,0.803,0.2058,0.45
PC1,IG,,RF,0.4183,0.2,0.2634,0.8734,0.2526,0.5024
PC1,IG,,XGB,0.4317,0.2333,0.2975,0.8697,0.2785,0.4599
PC1,IG,SMOTE,LR,0.2305,0.6905,0.3442,0.8563,0.3013,0.4078
PC1,IG,SMOTE,SVM,0.2101,0.7548,0.3252,0.812,0.2947,0.3574
PC1,IG,SMOTE,RF,0.4726,0.5429,0.4964,0.889,0.4505,0.478
PC1,IG,SMOTE,XGB,0.4308,0.4476,0.434,0.8815,0.3852,0.5534
PC1,IG,ADASYN,LR,0.2332,0.719,0.3504,0.8662,0.3133,0.4152
PC1,IG,ADASYN,SVM,0.1995,0.7738,0.3167,0.8191,0.2863,0.351
PC1,IG,ADASYN,RF,0.4701,0.4476,0.4419,0.8705,0.3952,0.4967
PC1,IG,ADASYN,XGB,0.4577,0.431,0.4303,0.8907,0.3859,0.5025
PC1,IG,CostSensitive,LR,0.2225,0.6714,0.3323,0.8539,0.2871,0.4067
PC1,IG,CostSensitive,SVM,0.222,0.7905,0.3449,0.8191,0.3195,0.3394
PC1,IG,CostSensitive,RF,0.5637,0.4452,0.4714,0.898,0.4457,0.5155
PC1,IG,CostSensitive,XGB,0.41,0.35,0.365,0.8608,0.3167,0.4529
PC1,CFS,,LR,0.2583,0.1,0.1422,0.8509,0.1307,0.4027
PC1,CFS,,SVM,0.4,0.1,0.1571,0.8082,0.1779,0.4722
PC1,CFS,,RF,0.4583,0.2333,0.2978,0.8714,0.2892,0.4952
PC1,CFS,,XGB,0.4017,0.25,0.3057,0.8691,0.281,0.4746
PC1,CFS,SMOTE,LR,0.2191,0.6881,0.3298,0.8446,0.2841,0.3935
PC1,CFS,SMOTE,SVM,0.2048,0.6738,0.3118,0.8222,0.2644,0.3292
PC1,CFS,SMOTE,RF,0.4737,0.5452,0.4978,0.8856,0.454,0.5086
PC1,CFS,SMOTE,XGB,0.5011,0.531,0.5042,0.8913,0.4626,0.5238
PC1,CFS,ADASYN,LR,0.216,0.7333,0.3322,0.8448,0.2974,0.3822
PC1,CFS,ADASYN,SVM,0.2196,0.8238,0.3458,0.8323,0.3277,0.3443
PC1,CFS,ADASYN,RF,0.4497,0.5286,0.4785,0.8868,0.4294,0.5225
PC1,CFS,ADASYN,XGB,0.5127,0.531,0.4944,0.8793,0.4598,0.5025
PC1,CFS,CostSensitive,LR,0.2157,0.719,0.3299,0.8491,0.2908,0.4022
PC1,CFS,CostSensitive,SVM,0.2323,0.7905,0.3569,0.8246,0.3323,0.3349
PC1,CFS,CostSensitive,RF,0.5617,0.431,0.4575,0.8965,0.4354,0.5222
PC1,CFS,CostSensitive,XGB,0.3743,0.3167,0.3354,0.8729,0.2937,0.4776
PC2,,,LR,0.0,0.0,0.0,0.7877,-0.0071,0.2402
PC2,,,SVM,0.0,0.0,0.0,0.7302,0.0,0.2807
PC2,,,RF,0.0,0.0,0.0,0.8165,0.0,0.1335
PC2,,,XGB,0.0,0.0,0.0,0.7806,-0.0052,0.1802
PC2,,SMOTE,LR,0.0667,0.55,0.1177,0.7911,0.1437,0.1692
PC2,,SMOTE,SVM,0.091,0.45,0.149,0.7866,0.163,0.2276
PC2,,SMOTE,RF,0.0,0.0,0.0,0.8302,-0.0152,0.1987
PC2,,SMOTE,XGB,0.05,0.05,0.05,0.8169,0.0352,0.1899
PC2,,ADASYN,LR,0.0658,0.55,0.1164,0.7904,0.1424,0.1512
PC2,,ADASYN,SVM,0.0838,0.45,0.1393,0.7819,0.1549,0.2133
PC2,,ADASYN,RF,0.1,0.05,0.0667,0.8162,0.0548,0.2009
PC2,,ADASYN,XGB,0.05,0.05,0.05,0.8478,0.0311,0.2226
PC2,,CostSensitive,LR,0.0685,0.6,0.1221,0.8,0.1555,0.1605
PC2,,CostSensitive,SVM,0.0727,0.45,0.1244,0.7612,0.1375,0.2061
PC2,,CostSensitive,RF,0.1,0.05,0.0667,0.7325,0.0598,0.1822
PC2,,CostSensitive,XGB,0.0,0.0,0.0,0.7963,-0.0088,0.2124
PC2,IG,,LR,0.0,0.0,0.0,0.8331,-0.0019,0.176
PC2,IG,,SVM,0.0,0.0,0.0,0.4096,0.0,0.0784
PC2,IG,,RF,0.0,0.0,0.0,0.7861,0.0,0.1085
PC2,IG,,XGB,0.0,0.0,0.0,0.782,-0.0052,0.1917
PC2,IG,SMOTE,LR,0.058,0.65,0.1058,0.8078,0.1435,0.278
PC2,IG,SMOTE,SVM,0.0777,0.55,0.1327,0.783,0.164,0.2874
PC2,IG,SMOTE,RF,0.095,0.2,0.1286,0.8378,0.1183,0.1888
PC2,IG,SMOTE,XGB,0.0783,0.15,0.1019,0.8286,0.0891,0.1876
PC2,IG,ADASYN,LR,0.0662,0.7,0.1196,0.7962,0.1661,0.1967
PC2,IG,ADASYN,SVM,0.0907,0.65,0.1567,0.8063,0.2033,0.2924
PC2,IG,ADASYN,RF,0.0833,0.15,0.1067,0.8181,0.0908,0.2362
PC2,IG,ADASYN,XGB,0.0583,0.1,0.0733,0.827,0.056,0.162
PC2,IG,CostSensitive,LR,0.0646,0.7,0.1173,0.8378,0.1638,0.2539
PC2,IG,CostSensitive,SVM,0.0838,0.65,0.147,0.8049,0.1916,0.277
PC2,IG,CostSensitive,RF,0.05,0.05,0.05,0.7785,0.0415,0.1567
PC2,IG,CostSensitive,XGB,0.0,0.0,0.0,0.7622,-0.0132,0.2471
PC2,CFS,,LR,0.0,0.0,0.0,0.8468,0.0,0.2284
PC2,CFS,,SVM,0.0,0.0,0.0,0.4466,0.0,0.0804
PC2,CFS,,RF,0.0,0.0,0.0,0.8251,0.0,0.2119
PC2,CFS,,XGB,0.0,0.0,0.0,0.7575,-0.0077,0.1288
PC2,CFS,SMOTE,LR,0.096,0.85,0.1703,0.8695,0.2422,0.2112
PC2,CFS,SMOTE,SVM,0.0963,0.75,0.1686,0.8312,0.2305,0.3394
PC2,CFS,SMOTE,RF,0.07,0.1,0.0786,0.8192,0.0609,0.1509
PC2,CFS,SMOTE,XGB,0.045,0.1,0.0619,0.8342,0.0458,0.1973
PC2,CFS,ADASYN,LR,0.09,0.8,0.1595,0.8695,0.2225,0.2139
PC2,CFS,ADASYN,SVM,0.0974,0.75,0.17,0.8237,0.2314,0.2477
PC2,CFS,ADASYN,RF,0.0167,0.05,0.025,0.8172,0.0098,0.2203
PC2,CFS,ADASYN,XGB,0.0143,0.05,0.0222,0.8704,0.0047,0.2582
PC2,CFS,CostSensitive,LR,0.0849,0.75,0.1497,0.8681,0.2032,0.2558
PC2,CFS,CostSensitive,SVM,0.0943,0.65,0.1612,0.781,0.2042,0.2348
PC2,CFS,CostSensitive,RF,0.0,0.0,0.0,0.7816,-0.0038,0.1345
PC2,CFS,CostSensitive,XGB,0.0,0.0,0.0,0.7779,-0.0126,0.1892
PC3,,,LR,0.6379,0.1434,0.2203,0.8303,0.2448,0.4304
PC3,,,SVM,0.2,0.0143,0.0267,0.7551,0.0501,0.3646
PC3,,,RF,0.4655,0.1505,0.2194,0.8288,0.2087,0.4262
PC3,,,XGB,0.4215,0.2324,0.2905,0.8081,0.2404,0.3994
PC3,,SMOTE,LR,0.2849,0.7176,0.407,0.8246,0.3292,0.4253
PC3,,SMOTE,SVM,0.3009,0.722,0.423,0.8205,0.3492,0.3899
PC3,,SMOTE,RF,0.3464,0.3714,0.3525,0.82,0.2626,0.3855
PC3,,SMOTE,XGB,0.4058,0.3725,0.3861,0.8069,0.3037,0.3875
PC3,,ADASYN,LR,0.2842,0.7473,0.411,0.8174,0.3382,0.4315
PC3,,ADASYN,SVM,0.2975,0.7516,0.4252,0.8141,0.355,0.3783
PC3,,ADASYN,RF,0.3284,0.3648,0.3398,0.8236,0.2481,0.3831
PC3,,ADASYN,XGB,0.4058,0.3659,0.3808,0.8135,0.3012,0.4026
PC3,,CostSensitive,LR,0.2891,0.733,0.4137,0.8321,0.3394,0.4347
PC3,,CostSensitive,SVM,0.3157,0.7978,0.4514,0.8278,0.3926,0.3964
PC3,,CostSensitive,RF,0.4024,0.3802,0.3834,0.8291,0.3033,0.3977
PC3,,CostSensitive,XGB,0.3946,0.3352,0.3603,0.8076,0.2802,0.4067
PC3,IG,,LR,0.6483,0.1352,0.2158,0.8279,0.2466,0.4278
PC3,IG,,SVM,0.0,0.0,0.0,0.6679,-0.0037,0.3417
PC3,IG,,RF,0.4395,0.15,0.2201,0.8142,0.1979,0.4156
PC3,IG,,XGB,0.3623,0.2412,0.2839,0.7934,0.2158,0.3497
PC3,IG,SMOTE,LR,0.3138,0.7626,0.4436,0.834,0.3774,0.4404
PC3,IG,SMOTE,SVM,0.3099,0.8132,0.4482,0.824,0.3913,0.3762
PC3,IG,SMOTE,RF,0.3508,0.4346,0.3833,0.8221,0.2915,0.392
PC3,IG,SMOTE,XGB,0.3533,0.3753,0.3598,0.7968,0.2696,0.3891
PC3,IG,ADASYN,LR,0.2961,0.7929,0.4303,0.8316,0.3668,0.4317
PC3,IG,ADASYN,SVM,0.3065,0.8505,0.4502,0.8232,0.4007,0.3788
PC3,IG,ADASYN,RF,0.3657,0.4489,0.3953,0.8238,0.3076,0.3892
PC3,IG,ADASYN,XGB,0.3723,0.4253,0.3955,0.7956,0.3043,0.3877
PC3,IG,CostSensitive,LR,0.3084,0.7544,0.4368,0.8344,0.3681,0.4323
PC3,IG,CostSensitive,SVM,0.3015,0.7978,0.4369,0.8232,0.3754,0.3919
PC3,IG,CostSensitive,RF,0.3956,0.4275,0.4053,0.8275,0.3209,0.4204
PC3,IG,CostSensitive,XGB,0.3592,0.3374,0.3381,0.799,0.2551,0.3581
PC3,CFS,,LR,0.5417,0.128,0.1955,0.8255,0.2033,0.4128
PC3,CFS,,SVM,0.25,0.0297,0.0525,0.7674,0.0773,0.3861
PC3,CFS,,RF,0.5105,0.156,0.2316,0.8265,0.2274,0.4195
PC3,CFS,,XGB,0.3892,0.2544,0.3035,0.8155,0.2405,0.4126
PC3,CFS,SMOTE,LR,0.2969,0.7407,0.4231,0.8257,0.3504,0.4105
PC3,CFS,SMOTE,SVM,0.2971,0.6995,0.4157,0.8165,0.3397,0.3649
PC3,CFS,SMOTE,RF,0.3941,0.4566,0.4208,0.8338,0.3365,0.4135
PC3,CFS,SMOTE,XGB,0.4203,0.3962,0.4059,0.8162,0.3258,0.4269
PC3,CFS,ADASYN,LR,0.2908,0.7632,0.4201,0.8223,0.3511,0.4115
PC3,CFS,ADASYN,SVM,0.2968,0.7231,0.4192,0.8158,0.3467,0.364
PC3,CFS,ADASYN,RF,0.3778,0.417,0.391,0.8326,0.3062,0.4122
PC3,CFS,ADASYN,XGB,0.372,0.3297,0.3464,0.8151,0.2648,0.4101
PC3,CFS,CostSensitive,LR,0.3023,0.756,0.4308,0.8309,0.362,0.4204
PC3,CFS,CostSensitive,SVM,0.296,0.7533,0.4241,0.8256,0.3541,0.4062
PC3,CFS,CostSensitive,RF,0.3913,0.4181,0.3978,0.8355,0.3153,0.43
PC3,CFS,CostSensitive,XGB,0.4378,0.3808,0.4007,0.8136,0.3265,0.4196
PC4,,,LR,0.7563,0.4007,0.518,0.9032,0.5011,0.6691
PC4,,,SVM,0.8669,0.2699,0.397,0.905,0.4347,0.6781
PC4,,,RF,0.7851,0.3435,0.4654,0.9375,0.4668,0.7034
PC4,,,XGB,0.6888,0.5353,0.594,0.9378,0.5497,0.7146
PC4,,SMOTE,LR,0.4369,0.8039,0.5641,0.9057,0.505,0.6759
PC4,,SMOTE,SVM,0.4236,0.8477,0.5635,0.9103,0.511,0.6517
PC4,,SMOTE,RF,0.6671,0.718,0.6866,0.9348,0.6382,0.6895
PC4,,SMOTE,XGB,0.6354,0.6886,0.657,0.9408,0.6034,0.7142
PC4,,ADASYN,LR,0.4226,0.8484,0.5624,0.9038,0.5103,0.6625
PC4,,ADASYN,SVM,0.4099,0.8644,0.5548,0.9098,0.5043,0.6481
PC4,,ADASYN,RF,0.631,0.6614,0.6405,0.933,0.5847,0.6708
PC4,,ADASYN,XGB,0.6131,0.6265,0.6167,0.9417,0.5571,0.7191
PC4,,CostSensitive,LR,0.4238,0.8314,0.5589,0.9098,0.5035,0.6668
PC4,,CostSensitive,SVM,0.3961,0.8415,0.5375,0.9028,0.4816,0.6368
PC4,,CostSensitive,RF,0.6173,0.7359,0.6682,0.9326,0.6154,0.688
PC4,,CostSensitive,XGB,0.6327,0.6605,0.641,0.9422,0.5856,0.7234
PC4,IG,,LR,0.7311,0.3497,0.4669,0.8935,0.4549,0.6292
PC4,IG,,SVM,0.8707,0.2876,0.4158,0.8849,0.4502,0.6254
PC4,IG,,RF,0.7369,0.4163,0.5277,0.9321,0.5037,0.6894
PC4,IG,,XGB,0.6803,0.5186,0.5819,0.9372,0.5366,0.7263
PC4,IG,SMOTE,LR,0.399,0.8078,0.532,0.8966,0.4697,0.6241
PC4,IG,SMOTE,SVM,0.4107,0.8814,0.5592,0.9034,0.5123,0.6077
PC4,IG,SMOTE,RF,0.6123,0.6895,0.6445,0.9365,0.5887,0.7009
PC4,IG,SMOTE,XGB,0.604,0.6438,0.6201,0.9379,0.5599,0.7166
PC4,IG,ADASYN,LR,0.3905,0.8255,0.5288,0.8906,0.4695,0.619
PC4,IG,ADASYN,SVM,0.3947,0.8922,0.5458,0.9059,0.5001,0.6072
PC4,IG,ADASYN,RF,0.5981,0.6775,0.6325,0.926,0.5736,0.6643
PC4,IG,ADASYN,XGB,0.6501,0.6775,0.6608,0.9383,0.6078,0.7259
PC4,IG,CostSensitive,LR,0.3945,0.8147,0.5296,0.8979,0.4679,0.6242
PC4,IG,CostSensitive,SVM,0.3889,0.8641,0.5355,0.8997,0.4836,0.6085
PC4,IG,CostSensitive,RF,0.6195,0.718,0.6587,0.9314,0.6056,0.669
PC4,IG,CostSensitive,XGB,0.6522,0.6373,0.6407,0.9335,0.5863,0.7078
PC4,CFS,,LR,0.743,0.3157,0.4378,0.8882,0.4363,0.6321
PC4,CFS,,SVM,0.8604,0.2761,0.4037,0.88,0.4383,0.6274
PC4,CFS,,RF,0.772,0.4108,0.5281,0.9313,0.5134,0.6968
PC4,CFS,,XGB,0.6585,0.4958,0.5603,0.9321,0.5114,0.6904
PC4,CFS,SMOTE,LR,0.3867,0.7967,0.5188,0.8915,0.4531,0.6223
PC4,CFS,SMOTE,SVM,0.4203,0.8359,0.5575,0.9039,0.5026,0.6328
PC4,CFS,SMOTE,RF,0.6107,0.7288,0.6615,0.9309,0.6077,0.6678
PC4,CFS,SMOTE,XGB,0.6146,0.6376,0.622,0.9349,0.5645,0.7025
PC4,CFS,ADASYN,LR,0.3781,0.8418,0.5202,0.8928,0.4626,0.6277
PC4,CFS,ADASYN,SVM,0.3966,0.8641,0.5415,0.9041,0.4903,0.6273
PC4,CFS,ADASYN,RF,0.5737,0.6784,0.6195,0.9255,0.5577,0.6226
PC4,CFS,ADASYN,XGB,0.5989,0.6549,0.6225,0.935,0.5632,0.7118
PC4,CFS,CostSensitive,LR,0.3817,0.8196,0.5189,0.8921,0.457,0.6257
PC4,CFS,CostSensitive,SVM,0.3995,0.8193,0.5349,0.8989,0.4746,0.6278
PC4,CFS,CostSensitive,RF,0.606,0.7124,0.6506,0.9302,0.5953,0.6785
PC4,CFS,CostSensitive,XGB,0.6231,0.6101,0.6113,0.9354,0.5539,0.7048
PC5,,,LR,0.6389,0.2529,0.3565,0.7407,0.2828,0.535
PC5,,,SVM,0.681,0.1701,0.2669,0.7317,0.2433,0.5422
PC5,,,RF,0.6753,0.4077,0.5059,0.7984,0.3978,0.6351
PC5,,,XGB,0.5972,0.463,0.5183,0.7779,0.3735,0.6125
PC5,,SMOTE,LR,0.4449,0.6752,0.5358,0.7409,0.3226,0.5341
PC5,,SMOTE,SVM,0.4388,0.688,0.5354,0.7433,0.3196,0.509
PC5,,SMOTE,RF,0.5835,0.5584,0.5686,0.8068,0.412,0.636
PC5,,SMOTE,XGB,0.5866,0.5244,0.552,0.7889,0.396,0.6253
PC5,,ADASYN,LR,0.4273,0.6858,0.526,0.7367,0.3032,0.5318
PC5,,ADASYN,SVM,0.4386,0.7071,0.5409,0.7464,0.3272,0.5063
PC5,,ADASYN,RF,0.5642,0.5839,0.5722,0.8042,0.4075,0.6316
PC5,,ADASYN,XGB,0.5852,0.5436,0.563,0.7897,0.4058,0.6208
PC5,,CostSensitive,LR,0.433,0.6625,0.523,0.7402,0.3027,0.534
PC5,,CostSensitive,SVM,0.445,0.6922,0.5413,0.7466,0.3288,0.5133
PC5,,CostSensitive,RF,0.5634,0.5777,0.5696,0.8022,0.4039,0.6325
PC5,,CostSensitive,XGB,0.5598,0.5414,0.5491,0.7826,0.3824,0.6145
PC5,IG,,LR,0.6432,0.1763,0.276,0.703,0.2349,0.5004
PC5,IG,,SVM,0.6609,0.153,0.2477,0.6861,0.2255,0.5064
PC5,IG,,RF,0.6097,0.3887,0.4725,0.778,0.3451,0.6084
PC5,IG,,XGB,0.5847,0.4311,0.4929,0.7668,0.3472,0.6024
PC5,IG,SMOTE,LR,0.4449,0.5713,0.4956,0.7235,0.2809,0.5219
PC5,IG,SMOTE,SVM,0.4432,0.5817,0.5017,0.7098,0.2821,0.4803
PC5,IG,SMOTE,RF,0.5416,0.5055,0.5204,0.7781,0.3487,0.5928
PC5,IG,SMOTE,XGB,0.5479,0.5245,0.5341,0.771,0.3633,0.5938
PC5,IG,ADASYN,LR,0.4196,0.6121,0.4929,0.7127,0.2659,0.5009
PC5,IG,ADASYN,SVM,0.4349,0.637,0.5163,0.7141,0.2927,0.4813
PC5,IG,ADASYN,RF,0.5045,0.5416,0.5206,0.7786,0.3323,0.5898
PC5,IG,ADASYN,XGB,0.537,0.5289,0.5318,0.761,0.3573,0.5826
PC5,IG,CostSensitive,LR,0.4342,0.5799,0.4951,0.7085,0.271,0.499
PC5,IG,CostSensitive,SVM,0.4365,0.5584,0.4889,0.7135,0.2655,0.479
PC5,IG,CostSensitive,RF,0.5258,0.5501,0.5366,0.7798,0.3583,0.6015
PC5,IG,CostSensitive,XGB,0.5361,0.5436,0.5382,0.7672,0.3633,0.5999
PC5,CFS,,LR,0.6034,0.1976,0.2924,0.7154,0.2292,0.5204
PC5,CFS,,SVM,0.6725,0.1871,0.2884,0.6889,0.2543,0.5179
PC5,CFS,,RF,0.6593,0.4225,0.5121,0.7984,0.3968,0.6323
PC5,CFS,,XGB,0.6199,0.482,0.5397,0.7793,0.402,0.6168
PC5,CFS,SMOTE,LR,0.4298,0.5988,0.4996,0.7196,0.2734,0.52
PC5,CFS,SMOTE,SVM,0.4341,0.5797,0.4948,0.7188,0.2709,0.4994
PC5,CFS,SMOTE,RF,0.5811,0.5393,0.5578,0.8038,0.4012,0.6279
PC5,CFS,SMOTE,XGB,0.5825,0.5266,0.5506,0.7784,0.3941,0.6078
PC5,CFS,ADASYN,LR,0.4228,0.6328,0.5064,0.7138,0.2767,0.5115
PC5,CFS,ADASYN,SVM,0.4298,0.5989,0.4995,0.719,0.2727,0.4966
PC5,CFS,ADASYN,RF,0.5455,0.5458,0.5442,0.7952,0.3732,0.6149
PC5,CFS,ADASYN,XGB,0.5776,0.5458,0.5597,0.7883,0.4008,0.6092
PC5,CFS,CostSensitive,LR,0.4363,0.6137,0.5093,0.7156,0.2866,0.5177
PC5,CFS,CostSensitive,SVM,0.4403,0.5861,0.5022,0.7207,0.2805,0.5019
PC5,CFS,CostSensitive,RF,0.557,0.5668,0.5609,0.794,0.3932,0.6176
PC5,CFS,CostSensitive,XGB,0.5562,0.5287,0.5412,0.778,0.3748,0.6075
